Priority,Title,BMI Title Number,ISWC,BMI Status,Writers,Publishers,Action Required
HIGH,TOP SHELF SAME HOOD FEAT HARDWORK JIG X SADA BABY,23567394,,Reconciled,"MATTHEW THOMAS (50.00%), SORRELL CASADA AARON (SP ACCT) (25.00%), SMITH DARRIUS LEANDO (MR) (50.00%), JIG HARDWORK (50.00%)",SONY/ATV SONGS LLC (25.00%),Register with MLC using publisher admin or direct registration
HIGH,SADA BABY SMO OFFICIAL MUSIC VIDEO,24881539,T3121356438,Reconciled,SORRELL CASADA AARON (SP ACCT) (100.00%),LACED VISUALS (100.00%),Register with MLC using publisher admin or direct registration
HIGH,YOU KNOW WHAT IT IS,25272849,T9224092028,Reconciled,"SORRELL CASADA AARON (SP ACCT) (10.00%), PATTERSON JALEN (MR) (50.00%), SUMLER VICTOR ANTOINE MR (80.00%)","SONY/ATV SONGS LLC (10.00%), STUNTMAN BEATZ MUSIC (50.00%)",Register with MLC using publisher admin or direct registration
HIGH,SADA BABY STACY PROD BY J PRINCE,25870290,T3121356085,Reconciled,"JOHNSON NEKEYAS CORTEZ (SP ACCT) (100.00%), SORRELL CASADA AARON (SP ACCT) (50.00%)",IPM SONGS (50.00%),Register with MLC using publisher admin or direct registration
HIGH,FAST MONEY SKUBA,26645528,T9238168337,Reconciled,"SORRELL CASADA AARON (SP ACCT) (50.00%), MATHIS ANTHONY O NEAL (MR) (50.00%)","SONGS OF UNIVERSAL INC (37.50%), SONY/ATV SONGS LLC (50.00%), SONGS OF ROC NATION MUSIC (12.50%)",Register with MLC using publisher admin or direct registration
HIGH,ROLL ON,27063088,,Reconciled,"COAL CASH BLAC (25.00%), MAN TOODA (50.00%), KANE BWA (50.00%), SORRELL CASADA AARON (SP ACCT) (25.00%)","SONY/ATV SONGS LLC (25.00%), IPM SONGS (25.00%)",Register with MLC using publisher admin or direct registration
HIGH,PLANET OF APES SADA BABY X FMB DZ,28033282,T3121355957,Reconciled,"SORRELL CASADA AARON (SP ACCT) (50.00%), WASHINGTON DENZEL THOMAS (50.00%)","EMPIRE STRIKES FIRST (50.00%), LACED VISUALS (50.00%)",Register with MLC using publisher admin or direct registration
HIGH,WHY ME,28283012,T3121355822,Reconciled,"BLACK MARCUS COLEMAN (MR) (50.00%), SORRELL CASADA AARON (SP ACCT) (5.00%), BELL NICHOLAS D (90.00%)","SONY/ATV SONGS LLC (50.00%), IPM SONGS (5.00%)",Register with MLC using publisher admin or direct registration
HIGH,MY DAWG,28760119,T3121355606,Reconciled,"HELLUVA (20.00%), SORRELL CASADA AARON (SP ACCT) (45.00%), THOMAS KYREACE MICHAEL MR (90.00%)",IPM SONGS (45.00%),Register with MLC using publisher admin or direct registration
HIGH,BONNIE AND BLYDE,29653381,T9281549448,Reconciled,"MC CURTIS MARTIN RAFEAL (SP ACCT) (40.00%), SORRELL CASADA AARON (SP ACCT) (60.00%)","WARNER-TAMERLANE PUBLISHING CORP (40.00%), SONY/ATV SONGS LLC (60.00%)",Register with MLC using publisher admin or direct registration
HIGH,SADA BABY SMOKE WITH ME PROD BY LIL RON,30392366,T3121351422,Reconciled,"SORRELL CASADA AARON (SP ACCT) (12.50%), LIL RON (175.00%)",IPM SONGS (12.50%),Register with MLC using publisher admin or direct registration
HIGH,JUST MY LUCK,31367876,T9296927805,Reconciled,"PATTERSON TIMOTHY P (50.00%), MC CURTIS MARTIN RAFEAL (SP ACCT) (50.00%), SORRELL CASADA AARON (SP ACCT) (25.00%)","WARNER-TAMERLANE PUBLISHING CORP (50.00%), SONY/ATV SONGS LLC (25.00%)",Register with MLC using publisher admin or direct registration
HIGH,WAKA SADA,34084961,T3121346478,Reconciled,"COAL CASH BLAC (50.00%), MALPHURS JUAQUIN (50.00%), SORRELL CASADA AARON (SP ACCT) (50.00%)",SONY/ATV SONGS LLC (50.00%),Register with MLC using publisher admin or direct registration
HIGH,SHANG TSUNG,38466267,T3051862836,Reconciled,"COAL CASH BLAC (50.00%), SORRELL CASADA AARON (SP ACCT) (50.00%)","SONY/ATV SONGS LLC (50.00%), IPM SONGS (50.00%)",Register with MLC using publisher admin or direct registration
HIGH,TOP SHOTTA,40043352,T9297836750,Reconciled,"MCKINNEY REGINALD CHRISTOPHER (50.00%), BRADFORD GARY STEVEN (25.00%), SORRELL CASADA AARON (SP ACCT) (25.00%)","SONY/ATV SONGS LLC (25.00%), TIMELESS SOUND ENTERTAINMENT (50.00%), WORKS OF IPC (25.00%), MS HELEN BOY MUSIC (0.00%)",Register with MLC using publisher admin or direct registration
HIGH,OOOOH,41230905,,Reconciled,"COAL CASH BLAC (50.00%), BABY SKILLA (40.00%), JUAN EASTSIDE (20.00%), SORRELL CASADA AARON (SP ACCT) (20.00%)","SONY/ATV SONGS LLC (50.00%), IPM SONGS (20.00%)",Register with MLC using publisher admin or direct registration
HIGH,TRIPLE THREAT MATCH,41389699,T9312510217,Reconciled,"SORRELL CASADA AARON (SP ACCT) (50.00%), GORDON RAYSHAWN LAMONT (MR) (100.00%)",SONY/ATV SONGS LLC (50.00%),Register with MLC using publisher admin or direct registration
HIGH,8 LEGGED APE,41389767,T9312496767,Reconciled,"SORRELL CASADA AARON (SP ACCT) (50.00%), GORDON RAYSHAWN LAMONT (MR) (100.00%)",SONY/ATV SONGS LLC (50.00%),Register with MLC using publisher admin or direct registration
HIGH,BROLIC,41389851,T9312500371,Reconciled,"SORRELL CASADA AARON (SP ACCT) (50.00%), GORDON RAYSHAWN LAMONT (MR) (100.00%)",SONY/ATV SONGS LLC (50.00%),Register with MLC using publisher admin or direct registration
HIGH,HEAVY PRESS,42452382,,Reconciled,"UNKNOWN WRITER (25.00%), SORRELL CASADA AARON (SP ACCT) (25.00%), GORDON RAYSHAWN LAMONT (MR) (100.00%)","UNKNOWN PUBLISHER (25.00%), SONY/ATV SONGS LLC (25.00%)",Register with MLC using publisher admin or direct registration
HIGH,21 SKUBA,42776388,T9321718121,Reconciled,SORRELL CASADA AARON (SP ACCT) (100.00%),SONY/ATV SONGS LLC (100.00%),Register with MLC using publisher admin or direct registration
HIGH,TIMELINE TOUGH GUYS,42776390,T9321718165,Reconciled,SORRELL CASADA AARON (SP ACCT) (100.00%),SONY/ATV SONGS LLC (100.00%),Register with MLC using publisher admin or direct registration
HIGH,ACTING BAD,42776415,T9321719191,Reconciled,SORRELL CASADA AARON (SP ACCT) (100.00%),SONY/ATV SONGS LLC (100.00%),Register with MLC using publisher admin or direct registration
HIGH,RETURN WIT MY STRAP,42776417,T9321719282,Reconciled,SORRELL CASADA AARON (SP ACCT) (100.00%),SONY/ATV SONGS LLC (100.00%),Register with MLC using publisher admin or direct registration
HIGH,B4,42776422,T9321719442,Reconciled,SORRELL CASADA AARON (SP ACCT) (100.00%),SONY/ATV SONGS LLC (100.00%),Register with MLC using publisher admin or direct registration
HIGH,HEART AUCTION,42776437,T9321719793,Reconciled,SORRELL CASADA AARON (SP ACCT) (100.00%),SONY/ATV SONGS LLC (100.00%),Register with MLC using publisher admin or direct registration
HIGH,PERCOSEX,42776452,T9321720381,Reconciled,SORRELL CASADA AARON (SP ACCT) (100.00%),SONY/ATV SONGS LLC (100.00%),Register with MLC using publisher admin or direct registration
HIGH,IN JIGS VOICE,42776493,T9321722047,Reconciled,SORRELL CASADA AARON (SP ACCT) (100.00%),SONY/ATV SONGS LLC (100.00%),Register with MLC using publisher admin or direct registration
HIGH,SMOKIN ACES,42776498,T9321722241,Reconciled,SORRELL CASADA AARON (SP ACCT) (100.00%),SONY/ATV SONGS LLC (100.00%),Register with MLC using publisher admin or direct registration
HIGH,DETROIT RED,42776499,T9321722274,Reconciled,SORRELL CASADA AARON (SP ACCT) (100.00%),SONY/ATV SONGS LLC (100.00%),Register with MLC using publisher admin or direct registration
HIGH,BIG SQUAD,42776503,T9321722365,Reconciled,SORRELL CASADA AARON (SP ACCT) (100.00%),SONY/ATV SONGS LLC (100.00%),Register with MLC using publisher admin or direct registration
HIGH,GUATEMALAN,42776509,T9321722525,Reconciled,SORRELL CASADA AARON (SP ACCT) (100.00%),SONY/ATV SONGS LLC (100.00%),Register with MLC using publisher admin or direct registration
HIGH,I KNOW,42776527,T9321722956,Reconciled,SORRELL CASADA AARON (SP ACCT) (100.00%),SONY/ATV SONGS LLC (100.00%),Register with MLC using publisher admin or direct registration
HIGH,MAQUEL,42776528,T9321722990,Reconciled,SORRELL CASADA AARON (SP ACCT) (100.00%),SONY/ATV SONGS LLC (100.00%),Register with MLC using publisher admin or direct registration
HIGH,SMO,42776530,T9322277714,Reconciled,SORRELL CASADA AARON (SP ACCT) (100.00%),SONY/ATV SONGS LLC (100.00%),Register with MLC using publisher admin or direct registration
HIGH,STICKS AND STONES,42776551,T9321723471,Reconciled,SORRELL CASADA AARON (SP ACCT) (100.00%),SONY/ATV SONGS LLC (100.00%),Register with MLC using publisher admin or direct registration
HIGH,DEMONS,42776552,T9321723528,Reconciled,SORRELL CASADA AARON (SP ACCT) (100.00%),SONY/ATV SONGS LLC (100.00%),Register with MLC using publisher admin or direct registration
HIGH,PROBABLY,42776555,T9321723631,Reconciled,SORRELL CASADA AARON (SP ACCT) (100.00%),SONY/ATV SONGS LLC (100.00%),Register with MLC using publisher admin or direct registration
HIGH,MUTUMBO,42776567,T9321724145,Reconciled,SORRELL CASADA AARON (SP ACCT) (100.00%),SONY/ATV SONGS LLC (100.00%),Register with MLC using publisher admin or direct registration
HIGH,DRIPLE DOUBLE,42776697,T9321715199,Reconciled,SORRELL CASADA AARON (SP ACCT) (100.00%),SONY/ATV SONGS LLC (100.00%),Register with MLC using publisher admin or direct registration
HIGH,BAW BAW,42846589,T9321821130,Reconciled,"SORRELL CASADA AARON (SP ACCT) (25.00%), GIVENS FREDRICK II (MR) (25.00%), LUELLEN JOSHUA (50.00%)","SONY/ATV SONGS LLC (25.00%), JOSHUA LUELLEN PUBLISHING (50.00%), BANG BIZ ENT PUBLISHING (25.00%)",Register with MLC using publisher admin or direct registration
HIGH,MOOD,43438473,T9323681874,Reconciled,"SORRELL CASADA AARON (SP ACCT) (50.00%), ALVES BRANDON ALEXANDER MR (50.00%)","SONY/ATV SONGS LLC (50.00%), KNOXTHISDATWAVE PUBLISHING (50.00%)",Register with MLC using publisher admin or direct registration
HIGH,THATS ME,44443858,T9330795921,Reconciled,"MOORMAN ESSENE SOWETO (MR) (20.00%), GREEN TARINA KATHERINE (20.00%), WHITE ANISHA NICOLE (50.00%), SORRELL CASADA AARON (SP ACCT) (10.00%), WOODS RODRIQUEZ LAMAR (20.00%)","SONY/ATV SONGS LLC (10.00%), POWER OVER RICHES (20.00%), SHOWTIMEMUSICGROUP (50.00%)",Register with MLC using publisher admin or direct registration
HIGH,PASSION 182 BPM MP3,44522022,T3000362216,Reconciled,"SORRELL CASADA AARON (SP ACCT) (50.00%), CHERRY BRANDON LEE (SP ACCT) (50.00%)","IPM SONGS (50.00%), MOORING MUSIC PUBLISHING (50.00%)",Register with MLC using publisher admin or direct registration
HIGH,CONEYBPM184 MP3,44532912,T3002594136,Reconciled,"SORRELL CASADA AARON (SP ACCT) (50.00%), CHERRY BRANDON LEE (SP ACCT) (100.00%)",IPM SONGS (50.00%),Register with MLC using publisher admin or direct registration
HIGH,THUGCRYBPM170 6 MP3,44532914,T3002594045,Reconciled,"SORRELL CASADA AARON (SP ACCT) (50.00%), CHERRY BRANDON LEE (SP ACCT) (50.00%)","IPM SONGS (50.00%), MOORING MUSIC PUBLISHING (50.00%)",Register with MLC using publisher admin or direct registration
HIGH,PARTYHOUSE 210BPM MP3,44532927,T3002682073,Reconciled,"SORRELL CASADA AARON (SP ACCT) (50.00%), CHERRY BRANDON LEE (SP ACCT) (50.00%)","IPM SONGS (50.00%), MOORING MUSIC PUBLISHING (50.00%)",Register with MLC using publisher admin or direct registration
HIGH,GOOD VIBES 142 BPM MP3,44532947,T3002682119,Reconciled,"SORRELL CASADA AARON (SP ACCT) (50.00%), CHERRY BRANDON LEE (SP ACCT) (50.00%)","IPM SONGS (50.00%), MOORING MUSIC PUBLISHING (50.00%)",Register with MLC using publisher admin or direct registration
HIGH,DEAD 200 BPM MP3,44765884,T3003174758,Reconciled,"SORRELL CASADA AARON (SP ACCT) (16.67%), CHERRY BRANDON LEE (SP ACCT) (50.00%), WASHINGTON DENZEL THOMAS (16.67%), HORNE MCCULLOUGH DAMARIO DONSHAY (16.66%)","EMPIRE STRIKES FIRST (33.33%), IPM SONGS (16.66%), MOORING MUSIC PUBLISHING (50.00%)",Register with MLC using publisher admin or direct registration
HIGH,SADA BABY BLOXK VIBES,44852341,T3004844860,Reconciled,"SORRELL CASADA AARON (SP ACCT) (50.00%), WUANBEATZ (100.00%)",SONY/ATV SONGS LLC (50.00%),Register with MLC using publisher admin or direct registration
HIGH,LET ME BREATHE,44852386,T3004914169,Reconciled,"SORRELL CASADA AARON (SP ACCT) (10.00%), GREEN DARRIN MITCHELL JR (100.00%), MITCHELL MARCEL ANTHONY (80.00%)",SONY/ATV SONGS LLC (10.00%),Register with MLC using publisher admin or direct registration
HIGH,TRAIN 190 BPM 1 MP3,44946798,T3004659687,Reconciled,"SORRELL CASADA AARON (SP ACCT) (50.00%), CHERRY BRANDON LEE (SP ACCT) (50.00%)","IPM SONGS (50.00%), MOORING MUSIC PUBLISHING (50.00%)",Register with MLC using publisher admin or direct registration
HIGH,ROB 186 BPM MP3,44946802,T3004658673,Reconciled,"SORRELL CASADA AARON (SP ACCT) (50.00%), CHERRY BRANDON LEE (SP ACCT) (50.00%)","IPM SONGS (50.00%), MOORING MUSIC PUBLISHING (50.00%)",Register with MLC using publisher admin or direct registration
HIGH,MY EYES,45025478,T3008458075,Reconciled,"UNKNOWN WRITER (100.00%), SORRELL CASADA AARON (SP ACCT) (25.00%), THOMAS GARY ALAN MR (25.00%)","SONY/ATV SONGS LLC (25.00%), MUSIC FOR GT (25.00%)",Register with MLC using publisher admin or direct registration
HIGH,SADA BABY BAPTISM,46728227,T3011602958,Reconciled,"SORRELL CASADA AARON (SP ACCT) (50.00%), WINTONS BOBBY ALEXANDER JR MR (33.30%), BAUGH SHABAR DESHAWN (16.70%), ERVIN AKEEM L (16.65%)","SONY/ATV SONGS LLC (50.00%), DJ SHAB ENT (16.70%), KEEM MUSIC PUBLISHING (16.65%)",Register with MLC using publisher admin or direct registration
HIGH,TAP IN FEAT 42 DUGG AND SADA BABY,47904121,T3017996413,Reconciled,"HAYES MARQUISE ERICK (25.00%), TRIMBLE DEJA MONET (25.00%), DOUGLAS DERRICK TYRON (50.00%), SORRELL CASADA AARON (SP ACCT) (12.50%)","UNKNOWN PUBLISHER (50.00%), SONY/ATV SONGS LLC (12.50%), BMG GOLD SONGS (25.00%), LIL LOAF PUBLISHING (0.00%)",Register with MLC using publisher admin or direct registration
HIGH,ENTANGLEMENT,48351653,T3121296291,Reconciled,"COAL CASH BLAC (25.00%), SORRELL CASADA AARON (SP ACCT) (50.00%), GARDNER TREVON MR (50.00%)",SONY/ATV SONGS LLC (75.00%),Register with MLC using publisher admin or direct registration
HIGH,KOBE ANTHONY,48351663,T3121296224,Reconciled,"COAL CASH BLAC (25.00%), SORRELL CASADA AARON (SP ACCT) (50.00%), GARDNER TREVON MR (50.00%)",SONY/ATV SONGS LLC (75.00%),Register with MLC using publisher admin or direct registration
HIGH,WHAT ELSE,48351665,T3121296188,Reconciled,"SORRELL CASADA AARON (SP ACCT) (25.00%), GARDNER TREVON MR (75.00%)","SONY/ATV SONGS LLC (75.00%), IPM SONGS (25.00%)",Register with MLC using publisher admin or direct registration
HIGH,LTWO,48351674,T3121296133,Reconciled,"SORRELL CASADA AARON (SP ACCT) (25.00%), GARDNER TREVON MR (75.00%)","SONY/ATV SONGS LLC (75.00%), IPM SONGS (25.00%)",Register with MLC using publisher admin or direct registration
HIGH,BOOTY TALK FIFTYFIVE,48351710,T3121296053,Reconciled,"SORRELL CASADA AARON (SP ACCT) (25.00%), WHITE JOSHUA CAMRON (MR) (50.00%), GARDNER TREVON MR (25.00%)","SONY/ATV SONGS LLC (75.00%), IPM SONGS (25.00%)",Register with MLC using publisher admin or direct registration
HIGH,PLAY COUSIN,48411393,T3027028582,Reconciled,"SORRELL CASADA AARON (SP ACCT) (50.00%), BRYANT TOUSSAINT DUVALL (75.00%)",IPM SONGS (75.00%),Register with MLC using publisher admin or direct registration
HIGH,BEEN KAME,48445566,T3121295572,Reconciled,"SORRELL CASADA AARON (SP ACCT) (25.00%), DAMJONBOI (25.00%), FRAZIER CHRISTOPHER JR (50.00%)",HIERARCHY PUBLISHING (100.00%),Register with MLC using publisher admin or direct registration
HIGH,MAN DOWN,48766560,T3031647442,Reconciled,"MC CURTIS MARTIN RAFEAL (SP ACCT) (50.00%), SORRELL CASADA AARON (SP ACCT) (25.00%), DELINCE PIERRE MR (25.00%)","WARNER-TAMERLANE PUBLISHING CORP (50.00%), IPM SONGS (25.00%), SONGS OF JACKBOY PUBLISHING LLC (25.00%)",Register with MLC using publisher admin or direct registration
HIGH,APE MODE,49758055,T3040936996,Reconciled,"MC CURTIS MARTIN RAFEAL (100.00%), SORRELL CASADA AARON (SP ACCT) (50.00%)",SONY ATV SONGS LLC (50.00%),Register with MLC using publisher admin or direct registration
HIGH,NO HELP FEAT SADA BABY,49877039,T3038737661,Reconciled,"CAZARIN LOUIE GONZALO (33.36%), SORRELL CASADA AARON (SP ACCT) (33.32%), DORRIS BYRON SCOTT SR (MR) (33.32%)","IPM SONGS (33.32%), WARNER CHAPPELL (33.32%), EMPTYSET (33.36%)",Register with MLC using publisher admin or direct registration
HIGH,BIG STEPPA FEAT SADA BABY,49901892,T3041883147,Reconciled,"PAYNE NORMAN (60.00%), SORRELL CASADA AARON (SP ACCT) (10.00%), GIVENS FREDRICK II (MR) (30.00%)","DJCHOSE PUBLISHING (60.00%), IPM SONGS (10.00%), BANG BIZ ENT PUBLISHING (30.00%)",Register with MLC using publisher admin or direct registration
HIGH,FASTLANE,50778196,T3054477220,Reconciled,"ALVARADO NELSON (25.00%), SORRELL CASADA AARON (SP ACCT) (25.00%), SALINAS MATTHEW ROBERT (50.00%)","IPM SONGS (25.00%), WORKS OF IPC (25.00%), BULLY WIZ PUBLISHING (0.00%), TRAXXFDR PUBLISHING WORLDWIDE (50.00%)",Register with MLC using publisher admin or direct registration
HIGH,SB5,50846422,T3047347382,Reconciled,"GLOADE SAMUEL (SP ACCT) (50.00%), SORRELL CASADA AARON (SP ACCT) (25.00%), MCCOLLUM MILES PARKS (MR) (25.00%)","SONGS OF UNIVERSAL INC (12.50%), WARNER-TAMERLANE PUBLISHING CORP (50.00%), SONY ATV SONGS LLC (25.00%), EARDRUMMERS ENTERTAINMENT LLC (0.00%), BOAT BOY S PUBLISHING (12.50%)",Register with MLC using publisher admin or direct registration
HIGH,BUSINESS OWNER FEAT BAND GANGLONNIE BANDS AND SADA BABY,50856769,,Reconciled,"BANDGANG LONNIE (16.66%), MC CURTIS MARTIN RAFEAL (SP ACCT) (50.00%), SORRELL CASADA AARON (SP ACCT) (16.66%), ASBERRY DALLAS ANTONIO MR (33.36%)","UNKNOWN PUBLISHER (16.66%), WARNER-TAMERLANE PUBLISHING CORP (50.00%), SONY ATV SONGS LLC (16.68%)",Register with MLC using publisher admin or direct registration
HIGH,GTFUOMF,51976210,,Reconciled,"STRNAD STRNAD (40.00%), SORRELL CASADA AARON (SP ACCT) (30.00%), NIX DAMARIOUS EARL DARON (30.00%)","UNKNOWN PUBLISHER (40.00%), SONGTRUST BLVD (30.00%), IPM SONGS (30.00%)",Register with MLC using publisher admin or direct registration
HIGH,IN REAL LIFE,52111037,T3066380341,Reconciled,"SORRELL CASADA AARON (SP ACCT) (50.00%), SALINAS MATTHEW ROBERT (50.00%)","IPM SONGS (50.00%), TRAXXFDR PUBLISHING WORLDWIDE (50.00%)",Register with MLC using publisher admin or direct registration
HIGH,BLACK HARLOW REMIX,52229554,T3068213474,Reconciled,"SORRELL CASADA AARON (SP ACCT) (50.00%), DEARBORN JORDAN (50.00%)","TUNECORE DIGITAL MUSIC (50.00%), IPM SONGS (50.00%)",Register with MLC using publisher admin or direct registration
HIGH,FUNKY KONG REMIX,52229556,T3071749838,Reconciled,"SORRELL CASADA AARON (SP ACCT) (50.00%), DEARBORN JORDAN (50.00%)","TUNECORE DIGITAL MUSIC (50.00%), IPM SONGS (50.00%)",Register with MLC using publisher admin or direct registration
HIGH,SLIDE REMIX,52229558,T3071749805,Reconciled,"SORRELL CASADA AARON (SP ACCT) (50.00%), DEARBORN JORDAN (50.00%)","TUNECORE DIGITAL MUSIC (50.00%), IPM SONGS (50.00%)",Register with MLC using publisher admin or direct registration
HIGH,DUMBASS REMIX,52229560,T3071749758,Reconciled,"SORRELL CASADA AARON (SP ACCT) (50.00%), DEARBORN JORDAN (50.00%)","TUNECORE DIGITAL MUSIC (50.00%), IPM SONGS (50.00%)",Register with MLC using publisher admin or direct registration
HIGH,AKD 5V5 TED REMIX,52229561,T3071749725,Reconciled,"SORRELL CASADA AARON (SP ACCT) (50.00%), DEARBORN JORDAN (50.00%)","TUNECORE DIGITAL MUSIC (50.00%), IPM SONGS (50.00%)",Register with MLC using publisher admin or direct registration
HIGH,PRESSIN REMIX,52229562,T3071749736,Reconciled,"SORRELL CASADA AARON (SP ACCT) (50.00%), DEARBORN JORDAN (50.00%)","TUNECORE DIGITAL MUSIC (50.00%), IPM SONGS (50.00%)",Register with MLC using publisher admin or direct registration
HIGH,DIZZY,52652175,T3072262029,Reconciled,"SORRELL CASADA AARON (SP ACCT) (50.00%), SALINAS MATTHEW ROBERT (50.00%)","IPM SONGS (50.00%), TRAXXFDR PUBLISHING WORLDWIDE (50.00%)",Register with MLC using publisher admin or direct registration
HIGH,WAKARNOLDS,52652187,T3072261560,Reconciled,"SORRELL CASADA AARON (SP ACCT) (50.00%), SALINAS MATTHEW ROBERT (50.00%)","IPM SONGS (50.00%), TRAXXFDR PUBLISHING WORLDWIDE (50.00%)",Register with MLC using publisher admin or direct registration
HIGH,STREETS OF RAGE,52712159,T3117537669,Reconciled,"SORRELL CASADA AARON (SP ACCT) (50.00%), CHERRY BRANDON LEE (SP ACCT) (50.00%)","IPM SONGS (50.00%), MOORING MUSIC PUBLISHING (50.00%)",Register with MLC using publisher admin or direct registration
HIGH,2055,52712161,T3117537636,Reconciled,"SORRELL CASADA AARON (SP ACCT) (50.00%), CHERRY BRANDON LEE (SP ACCT) (50.00%)","IPM SONGS (50.00%), MOORING MUSIC PUBLISHING (50.00%)",Register with MLC using publisher admin or direct registration
HIGH,I GOT THE BOP STICK,54056827,T3090979372,Reconciled,"WALTERS RICKY M L (40.00%), SORRELL CASADA AARON (SP ACCT) (60.00%)","SONGS OF UNIVERSAL INC (40.00%), SLICK RICK MUSIC CORP (0.00%), IPM SONGS (60.00%)",Register with MLC using publisher admin or direct registration
HIGH,ONE OF THOSE FEAT SADA BABY AND SHEFF G,54156383,T3094667075,Reconciled,"WILLIAMS R J MICHAEL (15.00%), SORRELL CASADA AARON (SP ACCT) (15.00%), MILLER KHALIL MR (100.00%), DUKES ISAIAH G (MR) (20.00%)","UNKNOWN PUBLISHER (15.00%), SONY ATV SONGS LLC (15.00%), TENYOR MUSIC (20.00%)",Register with MLC using publisher admin or direct registration
HIGH,GOREY LANEZ,54516067,T3090840378,Reconciled,"SORRELL CASADA AARON (SP ACCT) (50.00%), DJ BROWN (25.00%), MUNOZ MARLEY DAVID (25.00%), WASHINGTON BELL DONOVAN MR (25.00%)","DA REALEST SOUNDS PRODUCTIONS (25.00%), IPM SONGS (50.00%)",Register with MLC using publisher admin or direct registration
HIGH,SADA BABY GORY LANEZ OFFICIALMUSIC VIDEO,54633019,T3091762420,Reconciled,"SORRELL CASADA AARON (SP ACCT) (50.00%), DJ BROWN (25.00%), MUNOZ MARLEY DAVID (25.00%), WASHINGTON BELL DONOVAN MR (25.00%)","DA REALEST SOUNDS PRODUCTIONS (25.00%), IPM SONGS (50.00%)",Register with MLC using publisher admin or direct registration
HIGH,BAD BOYZ,54724394,T3093057359,Reconciled,"SORRELL CASADA AARON (SP ACCT) (50.00%), JOHNSON KAREEM DEVOM (100.00%)",IPM SONGS (50.00%),Register with MLC using publisher admin or direct registration
HIGH,CJ,54724433,T3092953356,Reconciled,"SORRELL CASADA AARON (SP ACCT) (50.00%), JOHNSON KAREEM DEVOM (100.00%)",IPM SONGS (50.00%),Register with MLC using publisher admin or direct registration
HIGH,UNKLE EMANUEL,54726042,T3092947774,Reconciled,"SORRELL CASADA AARON (SP ACCT) (50.00%), SALINAS MATTHEW ROBERT (50.00%)","IPM SONGS (50.00%), TRAXXFDR PUBLISHING WORLDWIDE (50.00%)",Register with MLC using publisher admin or direct registration
HIGH,BLOODY LOVE,54726103,T3093051680,Reconciled,"SORRELL CASADA AARON (SP ACCT) (50.00%), SALINAS MATTHEW ROBERT (50.00%)","IPM SONGS (50.00%), TRAXXFDR PUBLISHING WORLDWIDE (50.00%)",Register with MLC using publisher admin or direct registration
HIGH,SKUBOP,54740248,T3092509058,Reconciled,"TEEL DAVID OBATA (50.00%), SORRELL CASADA AARON (SP ACCT) (50.00%)","IPM SONGS (50.00%), PERFECT YOUR CRAFT PUBLISHING (0.00%), WORKS OF IPC (50.00%)",Register with MLC using publisher admin or direct registration
HIGH,WORKOUT,54921956,T3104093901,Reconciled,"SORRELL CASADA AARON (SP ACCT) (50.00%), MASON JULIAN MARTREL (25.00%), LOTT CKYLE MICHAEL JAMES MR (25.00%)","SONY ATV SONGS LLC (51.26%), TUNECORE DIGITAL MUSIC (25.00%), LIL JU PUBLISHING (23.74%)",Register with MLC using publisher admin or direct registration
HIGH,BIG MAN FEAT SADA BABY,55760090,,Reconciled,"BERETE YAYA (35.00%), BRADLEY CE RONE MARTEK (40.00%), K5 TUNES (20.00%), SORRELL CASADA AARON (SP ACCT) (15.00%), RAY BALAM RASHAD (40.00%)","SONGS OF UNIVERSAL INC (35.00%), IPM SONGS (15.00%)",Register with MLC using publisher admin or direct registration
HIGH,1992,57152643,T3118820552,Reconciled,"SORRELL CASADA AARON (SP ACCT) (50.00%), WUANBEATZ (100.00%)",IPM SONGS (50.00%),Register with MLC using publisher admin or direct registration
HIGH,LEXIE LASHAY MARIE,57265716,T3118810047,Reconciled,"SORRELL CASADA AARON (SP ACCT) (50.00%), SALINAS MATTHEW ROBERT (50.00%)","IPM SONGS (50.00%), TRAXXFDR PUBLISHING WORLDWIDE (50.00%)",Register with MLC using publisher admin or direct registration
HIGH,EROTIK BITY,57265729,T3118810252,Reconciled,"SORRELL CASADA AARON (SP ACCT) (50.00%), SALINAS MATTHEW ROBERT (50.00%)","IPM SONGS (50.00%), TRAXXFDR PUBLISHING WORLDWIDE (50.00%)",Register with MLC using publisher admin or direct registration
HIGH,MAGANA,57420545,T3118602323,Reconciled,"SORRELL CASADA AARON (SP ACCT) (50.00%), TAYLOR KENDALL (75.00%)","SONY/ATV SONGS LLC (25.00%), IPM SONGS (50.00%)",Register with MLC using publisher admin or direct registration
HIGH,LIL STORY,58101598,T3127107813,Reconciled,"SORRELL CASADA AARON (SP ACCT) (50.00%), DEARBORN JORDAN (50.00%)","TUNECORE DIGITAL MUSIC (50.00%), IPM SONGS (50.00%)",Register with MLC using publisher admin or direct registration
HIGH,BIDNIZZ DAY,58101599,T3127164965,Reconciled,"SORRELL CASADA AARON (SP ACCT) (50.00%), DEARBORN JORDAN (50.00%)","TUNECORE DIGITAL MUSIC (50.00%), IPM SONGS (50.00%)",Register with MLC using publisher admin or direct registration
HIGH,BIG BIDNIZZ,58101600,T3127107755,Reconciled,"SORRELL CASADA AARON (SP ACCT) (50.00%), DEARBORN JORDAN (50.00%)","TUNECORE DIGITAL MUSIC (50.00%), IPM SONGS (50.00%)",Register with MLC using publisher admin or direct registration
HIGH,NOT FREAKY,58101601,T3127164910,Reconciled,"SORRELL CASADA AARON (SP ACCT) (50.00%), DEARBORN JORDAN (50.00%)","TUNECORE DIGITAL MUSIC (50.00%), IPM SONGS (50.00%)",Register with MLC using publisher admin or direct registration
HIGH,YOU LATE,58101602,T3127107711,Reconciled,"SORRELL CASADA AARON (SP ACCT) (50.00%), DEARBORN JORDAN (50.00%)","TUNECORE DIGITAL MUSIC (50.00%), IPM SONGS (50.00%)",Register with MLC using publisher admin or direct registration
HIGH,RIKO SUAVE,58690565,T3143656462,Reconciled,"SORRELL CASADA AARON (SP ACCT) (50.00%), WHITE JOSHUA CAMRON (MR) (50.00%)","SONGTRUST BLVD (50.00%), IPM SONGS (50.00%)",Register with MLC using publisher admin or direct registration
HIGH,KHIXO,58862146,T3143547900,Reconciled,"SORRELL CASADA AARON (SP ACCT) (50.00%), WHITE JOSHUA CAMRON (MR) (50.00%)","SONGTRUST BLVD (50.00%), IPM SONGS (50.00%)",Register with MLC using publisher admin or direct registration
HIGH,BENCH PRESSIN,59047703,T3138329525,Reconciled,"SORRELL CASADA AARON (SP ACCT) (50.00%), ALVES BRANDON ALEXANDER MR (50.00%)","IPM SONGS (50.00%), KNOXTHISDATWAVE PUBLISHING (50.00%)",Register with MLC using publisher admin or direct registration
HIGH,MACHETE,59047708,T3138260927,Reconciled,"SORRELL CASADA AARON (SP ACCT) (50.00%), ALVES BRANDON ALEXANDER MR (50.00%)","SONGTRUST BLVD (50.00%), IPM SONGS (50.00%), KNOXTHISDATWAVE PUBLISHING (0.00%)",Register with MLC using publisher admin or direct registration
HIGH,SADA BABY 2K17,60577888,T3158386886,Reconciled,"SORRELL CASADA AARON (SP ACCT) (50.00%), WALKER DUANE NATHANIEL JR MR (100.00%)",IPM SONGS (50.00%),Register with MLC using publisher admin or direct registration
HIGH,ESPN,60904738,T3216505390,Reconciled,"SORRELL CASADA AARON (SP ACCT) (44.00%), HERNANDEZ MICHAEL F (MR) (12.00%), FRANKLIN KNOAH (88.00%)","SONGS OF UNIVERSAL INC (6.00%), HITS SINCE NINETY3 (6.00%), IPM SONGS (44.00%)",Register with MLC using publisher admin or direct registration
HIGH,SQUAD TRYNA GET SOME MONEY,61486131,T3174110277,Reconciled,"DAVIS ANDRE TERRELL (80.00%), SORRELL CASADA AARON (SP ACCT) (20.00%)","AUBREYUS MUSIC (80.00%), IPM SONGS (20.00%)",Register with MLC using publisher admin or direct registration
HIGH,762 S FEATURING SADA BABY,61653348,T3176787803,Reconciled,"COOPER PARIS (80.00%), SORRELL CASADA AARON (SP ACCT) (10.00%), WASHINGTON DENZEL THOMAS (10.00%)","EMPIRE STRIKES FIRST (10.00%), TF ENTERTAINMENT (10.00%), SIRAPONITNELAV MUSIC (70.00%), ICED UP INTERNATIONAL MUSIC (10.00%)",Register with MLC using publisher admin or direct registration
HIGH,PERGOLA FREESTYLE LIVE,62611401,T3192401160,Reconciled,"THOMAS LARUSSELL DWAYNE JR (25.00%), PRINCE MICHAEL JONATHON (50.00%), SORRELL CASADA AARON (SP ACCT) (25.00%), AJERO SIMON ANDRE MR (50.00%)","KOBALT MUSIC PUBLISHING AMERICA INC (25.00%), KOBALT MUSIC PUBLISHING LTD CANADA (0.00%), IPM SONGS (25.00%), GOODCOMPENNYWORLDWIDE (0.00%)",Register with MLC using publisher admin or direct registration
HIGH,CATEGORY FIVE,63028249,T3213684410,Reconciled,"TEEL DAVID OBATA (50.00%), SORRELL CASADA AARON (SP ACCT) (25.00%), MURDOCK FERNANDO MARCEL JR (25.00%)","IPM SONGS (25.00%), PERFECT YOUR CRAFT PUBLISHING (50.00%), SITHLORD PUBLISHING (25.00%)",Register with MLC using publisher admin or direct registration
HIGH,ATHEM,63558428,,Reconciled,"CEO CHUCKIE (50.00%), SORRELL CASADA AARON (SP ACCT) (25.00%), LANGNAS BRIAN ISAAC MR (50.00%), MANAENKO ROMAN MR (25.00%)","FRONTLINE PRODUCTIONS DETROIT (25.00%), IPM SONGS (25.00%)",Register with MLC using publisher admin or direct registration
HIGH,BANDGANG JAVAR FT SADA BABY HOW,41011829,T3236155270,Reconciled,"BAND GANG JAVAR (25.00%), VON CLASSIC (25.00%), JONES MARK KENT II MR (25.00%), SORRELL CASADA AARON (50.00%)","FRONTLINE PRODUCTIONS DETROIT (50.00%), GREAT LAKE ENTERPRISE (25.00%)",Register with MLC using publisher admin or direct registration
HIGH,WAR ZONE,55131685,T3100480175,Reconciled,"SORRELL CASADA AARON (25.00%), WASHINGTON DENZEL THOMAS (25.00%), RIVAS BERNABE PEREZ III (50.00%)","SONGTRUST BLVD (50.00%), EMPIRE STRIKES FIRST (25.00%), TF ENTERTAINMENT (25.00%)",Register with MLC using publisher admin or direct registration
HIGH,LOS FLOW,61216104,,Reconciled,"ZAY2NICE (16.68%), 2300 WAV (16.68%), SORRELL CASADA AARON (100.00%), VOLKENS AUSTIN (16.66%)","UNKNOWN PUBLISHER (33.36%), THESE ARE PULSE SONGS (8.32%), AUSGOD MUSIC (8.34%)",Register with MLC using publisher admin or direct registration
HIGH,INTERVENTION,61296692,T3218728300,Reconciled,"SORRELL CASADA AARON (100.00%), WHITE JOSHUA CAMRON (MR) (50.00%)",SONGTRUST BLVD (50.00%),Register with MLC using publisher admin or direct registration
HIGH,SADA WADA,61378334,T3221027205,Reconciled,"JENKINS CRAIG (100.00%), SORRELL CASADA AARON (50.00%)",SONY ATV SONGS LLC (50.00%),Register with MLC using publisher admin or direct registration
HIGH,RACKS FT SADA BABY,64029927,T3218372017,Reconciled,"SORRELL CASADA AARON (100.00%), GRANT LAROBERT (100.00%)",MANUSCRIPT (0.00%),Register with MLC using publisher admin or direct registration
HIGH,VICE AVENUE,64190583,,Reconciled,"PRODUCER UNKNOWN (50.00%), BUHRIE TYLER JACK (30.00%), SORRELL CASADA AARON (10.00%), JOHNSON JAMES IV (10.00%)","UNKNOWN PUBLISHER (90.00%), EMPIRE STRIKES FIRST (10.00%), JAMES JOHNSON IV PUB DESIGNEE (0.00%)",Register with MLC using publisher admin or direct registration
HIGH,KARRIED AWAY,64221560,T3263815330,Reconciled,"SORRELL CASADA AARON (50.00%), BONSU MICHAEL KOFI (MR) (25.00%), ADAMS RYAN PRESTON MR (25.00%)","UNKNOWN PUBLISHER (75.00%), WARNER-TAMERLANE PUBLISHING CORP (25.00%)",Register with MLC using publisher admin or direct registration
HIGH,RUNNING UP A BAG,64493885,T3225644708,Reconciled,"ROBINSON CODY (20.00%), TAYLOR MARIO (80.00%), CALVIN THERONN ALAN RANDAL (MR) (60.00%), SADABABY (20.00%), STRATTNER TIMO BERND MR (20.00%)",MANUSCRIPT (0.00%),Register with MLC using publisher admin or direct registration
HIGH,CASADA JR,65627150,T3253419028,Reconciled,"SORRELL CASADA AARON (50.00%), WHITE JOSHUA CAMRON (MR) (50.00%)","UNKNOWN PUBLISHER (50.00%), SONGTRUST BLVD (50.00%)",Register with MLC using publisher admin or direct registration
HIGH,SKUWOP,65629292,T3255991830,Reconciled,"SORRELL CASADA AARON (50.00%), WHITE JOSHUA CAMRON (MR) (50.00%)","UNKNOWN PUBLISHER (50.00%), SONGTRUST BLVD (50.00%)",Register with MLC using publisher admin or direct registration
HIGH,HALFTIME,65630197,T3255991692,Reconciled,"SORRELL CASADA AARON (50.00%), WHITE JOSHUA CAMRON (MR) (50.00%)","UNKNOWN PUBLISHER (50.00%), SONGTRUST BLVD (50.00%)",Register with MLC using publisher admin or direct registration
HIGH,ROJO,65630326,T3255991681,Reconciled,"SORRELL CASADA AARON (0.00%), SORRELL CASADA AARON (50.00%), WHITE JOSHUA CAMRON (MR) (50.00%)","UNKNOWN PUBLISHER (50.00%), SONGTRUST BLVD (50.00%)",Register with MLC using publisher admin or direct registration
HIGH,IR DRACO,65630474,T3255991658,Reconciled,"SORRELL CASADA AARON (50.00%), WHITE JOSHUA CAMRON (MR) (50.00%)","UNKNOWN PUBLISHER (50.00%), SONGTRUST BLVD (50.00%)",Register with MLC using publisher admin or direct registration
HIGH,ANTHEM,66100014,,Reconciled,"CEO CHUCKIE (50.00%), SORRELL CASADA AARON (50.00%), LANGNAS BRIAN ISAAC MR (50.00%), MANAENKO ROMAN MR (25.00%)",FRONTLINE PRODUCTIONS DETROIT (25.00%),Register with MLC using publisher admin or direct registration
HIGH,BBS,66135491,T3243529371,Reconciled,"CLARK DEVON (50.00%), SORRELL CASADA AARON (16.67%), WASHINGTON DENZEL THOMAS (16.66%), THOMAS KYREACE MICHAEL MR (33.32%)","EMPIRE STRIKES FIRST (33.33%), FRONTLINE PRODUCTIONS DETROIT (50.00%)",Register with MLC using publisher admin or direct registration
HIGH,YOU JUST TALK SHIT,66135496,T3243529326,Reconciled,"CLARK DEVON (25.00%), JONES MARK KENT II MR (25.00%), SORRELL CASADA AARON (50.00%), WARREN DIAMANTE MATEO MR (25.02%)","CREATE RECORDS SONGS (24.98%), FRONTLINE PRODUCTIONS DETROIT (50.00%)",Register with MLC using publisher admin or direct registration
HIGH,RIGHT NOW,66135498,T3239320544,Reconciled,"ROWLAND BROOK OBA (25.00%), CLARK DEVON (16.66%), JONES MARK KENT II MR (16.68%), JOHNSON DARNELL LAWERENCE (16.66%), SORRELL CASADA AARON (50.00%)","FRONTLINE PRODUCTIONS DETROIT (50.00%), NCONNU EDITEUR (25.00%)",Register with MLC using publisher admin or direct registration
HIGH,SKUB NELLA,67273152,T3260099574,Reconciled,"BLACK MARCUS (100.00%), SORRELL CASADA AARON (100.00%)",MANUSCRIPT (0.00%),Register with MLC using publisher admin or direct registration
HIGH,100 ROUND,68594280,T3268499594,Reconciled,"LIVINGSTON DEMARIO LAMARR (20.00%), JIG HARDWORK (20.00%), CLARK DAVAUGHN DMAR MR (50.00%), SORRELL CASADA AARON (10.00%)","UNKNOWN PUBLISHER (50.00%), TF ENTERTAINMENT (50.00%)",Register with MLC using publisher admin or direct registration
HIGH,WHYTES,68594282,,Reconciled,"UNKNOWN WRITER (10.00%), DABBIN CHUCHO (20.00%), CLARK DAVAUGHN DMAR MR (50.00%), SORRELL CASADA AARON (30.00%)","UNKNOWN PUBLISHER (10.00%), TF ENTERTAINMENT (50.00%), CASADA AARON SORRELL PUB DESIG (30.00%)",Register with MLC using publisher admin or direct registration
HIGH,BREADED,68594284,,Reconciled,"WHITE MARCUS (25.00%), CLARK DAVAUGHN DMAR MR (50.00%), SORRELL CASADA AARON (25.00%)","UNKNOWN PUBLISHER (25.00%), TF ENTERTAINMENT (50.00%), CASADA AARON SORRELL PUB DESIG (25.00%)",Register with MLC using publisher admin or direct registration
HIGH,FIELD,68596142,T3265160730,Reconciled,"SORRELL CASADA AARON (25.00%), DAMJONBOI (50.00%), WASHINGTON DENZEL THOMAS (25.00%)","UNKNOWN PUBLISHER (50.00%), EMPIRE STRIKES FIRST (25.00%), TF ENTERTAINMENT (25.00%)",Register with MLC using publisher admin or direct registration
HIGH,DAWG IN THE CAR,68597134,,Reconciled,"SWEEZEE TID (10.00%), LIVINGSTON DEMARIO LAMARR (10.00%), CLARK DAVAUGHN DMAR MR (50.00%), SORRELL CASADA AARON (30.00%)","TF ENTERTAINMENT (50.00%), CASADA AARON SORRELL PUB DESIG (30.00%), TID SWEEZEE PUB DESIGNEE (10.00%), DEMARIO LAMARR LIVINGSTON P (10.00%)",Register with MLC using publisher admin or direct registration
HIGH,WAVE,68597136,T3366098837,Reconciled,"JIG HARDWORK (30.00%), CLARK DAVAUGHN DMAR MR (50.00%), SORRELL CASADA AARON (20.00%)","UNKNOWN PUBLISHER (30.00%), TF ENTERTAINMENT (70.00%)",Register with MLC using publisher admin or direct registration
HIGH,CAN I,70358449,T3303486859,Reconciled,"SHOATES LEWIS D (16.66%), ARTERBERRY DAKOTA JAY MR (16.67%), SORRELL CASADA AARON (16.67%), ROBERTS ANTHONY TYLOR MR (50.00%)","WC MUSIC CORP (16.66%), UNKNOWN PUBLISHER (16.64%), CULTURE HOUSE MUSIC PUBLISHING GROUP LLC (16.67%)",Register with MLC using publisher admin or direct registration
HIGH,DADA,70358452,T3303487147,Reconciled,"SHOATES LEWIS D (16.66%), ARTERBERRY DAKOTA JAY MR (16.67%), SORRELL CASADA AARON (16.67%), ROBERTS ANTHONY TYLOR MR (50.00%)","WC MUSIC CORP (16.66%), UNKNOWN PUBLISHER (16.64%), CULTURE HOUSE MUSIC PUBLISHING GROUP LLC (16.67%)",Register with MLC using publisher admin or direct registration
HIGH,MUD DAWGS,70358459,T3303486984,Reconciled,"SHOATES LEWIS D (16.66%), ARTERBERRY DAKOTA JAY MR (16.67%), SORRELL CASADA AARON (16.67%), ROBERTS ANTHONY TYLOR MR (50.00%)","WC MUSIC CORP (16.66%), UNKNOWN PUBLISHER (66.68%), CULTURE HOUSE MUSIC PUBLISHING GROUP LLC (16.67%)",Register with MLC using publisher admin or direct registration
HIGH,PACK ATTACK,71487091,,Reconciled,"UNKNOWN WRITER (50.00%), STEVENS EARL T (30.00%), SORRELL CASADA AARON (10.00%), WASHINGTON DENZEL THOMAS (10.00%)","EMPIRE STRIKES FIRST (10.00%), UNKNOWN PUBLISHER (80.00%), TF ENTERTAINMENT (10.00%)",Register with MLC using publisher admin or direct registration
HIGH,FRESH LIKE ME,71528016,T3312280603,Reconciled,"SORRELL CASADA AARON (33.00%), PAIGE CAVON DESHUN SR MR (33.00%), FENN ANTONIO JAMONT MR (34.00%)",FUTURISTIC PUBLISHING LLC (100.00%),Register with MLC using publisher admin or direct registration
HIGH,WORKED UP,71917121,,Reconciled,"UNKNOWN WRITER (50.00%), THATGAL RICCI (50.00%), SORRELL CASADA AARON (50.00%), HUGHES DAVID LANGSTON MR (25.00%)",FRONTLINE PRODUCTIONS DETROIT (25.00%),Register with MLC using publisher admin or direct registration
HIGH,2016,72326255,T3356145723,Reconciled,"SORRELL CASADA AARON (100.00%), TOPE ALLASSNE (50.00%)",WARNER-TAMERLANE PUBLISHING CORP (50.00%),Register with MLC using publisher admin or direct registration
HIGH,TOOTH ACHE,73893176,T3371826227,Reconciled,"SORRELL CASADA AARON (50.00%), LOTAS SHERRATT HENRY AUGUST (MR) (50.00%)","UNKNOWN PUBLISHER (50.00%), WARNER-TAMERLANE PUBLISHING CORP (50.00%)",Register with MLC using publisher admin or direct registration
HIGH,HOUSE RULES,77352909,T3383732938,Reconciled,"LIVINGSTON DEMARIO LAMARR (150.00%), SADABABY (50.00%)",MANUSCRIPT (0.00%),Register with MLC using publisher admin or direct registration
MEDIUM,REMY FROST FEAT SADA BABY PLAIN JANE,25664799,,Pending Society Review,"FROST REMY (50.00%), SORRELL CASADA AARON (SP ACCT) (25.00%), CLARK DEVON (25.00%), JONES MARK KENT II MR (25.00%)","FRONTLINE PRODUCTIONS DETROIT (50.00%), IPM SONGS (25.00%)",Register with MLC using publisher admin or direct registration
MEDIUM,PLANET OF APES,28023715,T9259700726,Pending Society Review,"SORRELL CASADA AARON (SP ACCT) (25.00%), CLEMONS DARRYL LORENZO (25.00%), PEARSON DEANDRE (50.00%), DZ FMB (25.00%)","WARNER-TAMERLANE PUBLISHING CORP (25.00%), EMPIRE STRIKES FIRST (25.00%), TF ENTERTAINMENT (25.00%)",Register with MLC using publisher admin or direct registration
MEDIUM,SPYDER,29322570,,Pending Society Review,"BALLOUT (34.00%), KEEF CHIEF (33.00%), SORRELL CASADA AARON (SP ACCT) (16.50%), BASEDKASH (100.00%)",IPM SONGS (16.50%),Register with MLC using publisher admin or direct registration
MEDIUM,GAME TIME,30344094,,Pending Society Review,"UNKNOWN WRITER (100.00%), BANKS DURK D (20.00%), WALLACE TERRY SANCHEZ (10.00%), SORRELL CASADA AARON (SP ACCT) (10.00%), DEMONS JAMELL (SP ACCT) (10.00%)","WARNER-TAMERLANE PUBLISHING CORP (2.50%), SONY/ATV SONGS LLC (10.00%), IT'S ONLY ABOUT MUSIC LLC (10.00%), CREATE DIGITAL MUSIC (5.00%), ANGELOOTF MUSIC (20.00%), 300 RAINWATER MUSIC (2.50%)",Register with MLC using publisher admin or direct registration
MEDIUM,CHULO BROS,31459220,,Share and/or Participant Conflict,"MOSLEY TIMOTHY Z (30.00%), BAUSS CHRISTOPH (10.00%), WALLACE TERRY SANCHEZ (30.00%), LAZLO ADAM (10.00%), SORRELL CASADA AARON (SP ACCT) (20.00%), FRIEDRICH TIM SINAN (MR) (10.00%), STARZ LUCA BENJAMIN (10.00%)","OLE VIRGINIA BEACH MUSIC (30.00%), SONY/ATV SONGS LLC (20.00%), IT'S ONLY ABOUT MUSIC LLC (30.00%)",Register with MLC using publisher admin or direct registration
MEDIUM,HOT 107 5,39202320,T9257403751,Share and/or Participant Conflict,"ROWLAND BROOK OBA (25.00%), SORRELL CASADA AARON (SP ACCT) (25.00%), IROCK (100.00%)","SONY/ATV SONGS LLC (25.00%), FOUNDATION (25.00%)",Register with MLC using publisher admin or direct registration
MEDIUM,OFF WHITE,42190774,T9320761066,Pending Society Review,"MC CURTIS MARTIN RAFEAL (SP ACCT) (50.00%), SORRELL CASADA AARON (SP ACCT) (50.00%)","WARNER-TAMERLANE PUBLISHING CORP (50.00%), SONY/ATV SONGS LLC (50.00%)",Register with MLC using publisher admin or direct registration
MEDIUM,CARMELO BRYANT,42416131,T3121334707,Pending Society Review,"SORRELL CASADA AARON (SP ACCT) (25.00%), WALKER DUANE NATHANIEL JR MR (100.00%), GARDNER TREVON MR (25.00%)","SONY/ATV SONGS LLC (25.00%), IPM SONGS (25.00%)",Register with MLC using publisher admin or direct registration
MEDIUM,CAMPAIGING,42653258,,Share and/or Participant Conflict,"GOODMAN CEDRIC T (25.00%), MARLEY YUNG (75.00%), SORRELL CASADA AARON (SP ACCT) (37.50%)","SONGTRUST AVE (25.00%), IPM SONGS (37.50%), STR8 BANGAZ (0.00%)",Register with MLC using publisher admin or direct registration
MEDIUM,EASTSIDE JUMP SHOT,42776404,T9321718712,Pending Society Review,SORRELL CASADA AARON (SP ACCT) (100.00%),SONY/ATV SONGS LLC (100.00%),Register with MLC using publisher admin or direct registration
MEDIUM,SHABOOYA,42776476,,Pending Society Review,"MOTOWN TY (50.00%), SORRELL CASADA AARON (SP ACCT) (50.00%)",SONY/ATV SONGS LLC (100.00%),Register with MLC using publisher admin or direct registration
MEDIUM,ICEWEAR VEZZO FT SADA BABY 2 HANDS,43946966,,Pending Society Review,"VEZZO ICEWEAR (50.00%), SORRELL CASADA AARON (SP ACCT) (25.00%), BEATS PDOT (100.00%)",IPM SONGS (25.00%),Register with MLC using publisher admin or direct registration
MEDIUM,FIRST NAME BASIS,45025376,T3005435649,Pending Society Review,"UNKNOWN WRITER (100.00%), SORRELL CASADA AARON (SP ACCT) (25.00%), THOMAS GARY ALAN MR (25.00%)","SONY/ATV SONGS LLC (25.00%), MUSIC FOR GT (25.00%)",Register with MLC using publisher admin or direct registration
MEDIUM,RUNNIN UP A BAG,47660280,,Pending Society Review,"GARCIA HENRY (20.00%), ROBINSON CODY (10.00%), SORRELL CASADA AARON (SP ACCT) (15.00%), TAYLOR MARIO (80.00%), CALVIN THERONN ALAN RANDAL (MR) (60.00%)",SONY/ATV SONGS LLC (15.00%),Register with MLC using publisher admin or direct registration
MEDIUM,GOT GOT,47800725,,Pending Society Review,"UNKNOWN WRITER (100.00%), SORRELL CASADA AARON (SP ACCT) (25.00%), GOMEZ RODRIGO HERNANDEZ MR (25.00%)","SONY/ATV SONGS LLC (25.00%), MUSIC OF KIINGROD (25.00%)",Register with MLC using publisher admin or direct registration
MEDIUM,JACKIE MOON,48351650,,Pending Society Review,"MIKE RMC (25.00%), DA YOUNG OG RIO (25.00%), SORRELL CASADA AARON (SP ACCT) (12.50%), GARDNER TREVON MR (62.50%)","SONY/ATV SONGS LLC (62.50%), IPM SONGS (12.50%)",Register with MLC using publisher admin or direct registration
MEDIUM,NBA BUBBLE,48351667,,Pending Society Review,"COAL CASH BLAC (25.00%), COKE BIG (50.00%), SORRELL CASADA AARON (SP ACCT) (25.00%), GARDNER TREVON MR (25.00%)",SONY/ATV SONGS LLC (75.00%),Register with MLC using publisher admin or direct registration
MEDIUM,NEXT UP FEATURING T GRIZZLEY,49758038,T3040937068,Share and/or Participant Conflict,"MC CURTIS MARTIN RAFEAL (100.00%), WALLACE TERRY SANCHEZ (50.00%), SORRELL CASADA AARON (SP ACCT) (25.00%)",SONY ATV SONGS LLC (25.00%),Register with MLC using publisher admin or direct registration
MEDIUM,305,50524219,,Pending Society Review,"UNKNOWN WRITER (50.00%), SORRELL CASADA AARON (SP ACCT) (25.00%), SALINAS MATTHEW ROBERT (25.00%)","IPM SONGS (25.00%), TRAXXFDR PUBLISHING WORLDWIDE (75.00%)",Register with MLC using publisher admin or direct registration
MEDIUM,ONE OF THOSE,50581989,,Pending Society Review,"WILLIAMS MICHAEL (30.00%), SORRELL CASADA AARON (SP ACCT) (15.00%), MILLER KHALIL MR (100.00%), DUKES ISAIAH G (MR) (20.00%)","TENYOR MUSIC (20.00%), IPM SONGS (15.00%)",Register with MLC using publisher admin or direct registration
MEDIUM,GAME 7,50750740,,Pending Society Review,"UNKNOWN WRITER (166.64%), SORRELL CASADA AARON (SP ACCT) (8.35%), THOMAS GARY ALAN MR (8.33%)","IPM SONGS (8.35%), MUSIC FOR GT (8.33%)",Register with MLC using publisher admin or direct registration
MEDIUM,TRIPPLE OVER TIME,50754324,,Pending Society Review,"UNKNOWN WRITER (166.68%), SORRELL CASADA AARON (SP ACCT) (8.33%), THOMAS GARY ALAN MR (8.33%)","IPM SONGS (8.33%), MUSIC FOR GT (8.33%)",Register with MLC using publisher admin or direct registration
MEDIUM,WINNING,50754379,,Pending Society Review,"UNKNOWN WRITER (150.00%), SORRELL CASADA AARON (SP ACCT) (12.50%), THOMAS GARY ALAN MR (12.50%)","IPM SONGS (12.50%), MUSIC FOR GT (12.50%)",Register with MLC using publisher admin or direct registration
MEDIUM,WHOLE THANG,50812788,,Pending Society Review,"UNKNOWN WRITER (133.30%), SORRELL CASADA AARON (SP ACCT) (16.70%), THOMAS GARY ALAN MR (16.65%)","IPM SONGS (16.70%), MUSIC FOR GT (16.65%)",Register with MLC using publisher admin or direct registration
MEDIUM,LITTLE WHILE FEAT BIG SEAN AND HIT BOY,52132763,T3077370293,Pending Society Review,"ANDERSON SEAN MICHAEL (18.00%), CORBETT DUSTIN JAMES (15.00%), SORRELL CASADA AARON (SP ACCT) (32.00%), HOLLIS CHAUNCEY ALEXANDER (2 - SP ACCT) (35.00%)","SONGS OF UNIVERSAL INC (26.25%), UNIVERSAL MUSIC CORPORATION (18.00%), SONY ATV SONGS LLC (32.00%), SONY ATV TUNES LLC (15.00%), U CAN T TEACH BEIN THE SHHH INC (8.75%), MY LAST PUBLISHING (0.00%), NEW BLACK LIGHT MUSIC PUBLISHING LLC (0.00%)",Register with MLC using publisher admin or direct registration
MEDIUM,SKUBA SKILLA SHOW,52452468,,Pending Society Review,"UNKNOWN WRITER (50.00%), SORRELL CASADA AARON (SP ACCT) (25.00%), SALINAS MATTHEW ROBERT (25.00%)","IPM SONGS (25.00%), TRAXXFDR PUBLISHING WORLDWIDE (75.00%)",Register with MLC using publisher admin or direct registration
MEDIUM,PIMPTATIONS,52458804,,Pending Society Review,"UNKNOWN WRITER (50.00%), SORRELL CASADA AARON (SP ACCT) (25.00%), SALINAS MATTHEW ROBERT (25.00%)","IPM SONGS (25.00%), TRAXXFDR PUBLISHING WORLDWIDE (75.00%)",Register with MLC using publisher admin or direct registration
MEDIUM,FRIDAY NIGHT CYPHER,52776499,,Share and/or Participant Conflict,"JOHNSON SAMUEL JONATHAN (6.42%), UNKNOWN WRITER (9.46%), WILLIAMS PHARRELL L (6.24%), MONTGOMERY RYAN D (2.54%), MATHERS MARSHALL (3.10%), HUGO CHAD (6.24%), THORNTON GENE ELLIOT JR (6.24%), ANDERSON SEAN MICHAEL (3.10%), PHILLIPS JASON (2.54%), ROWLAND BROOK OBA (1.68%), JONES JAMES CLAY III (2.56%), PETTY DIOR GIOVANNI (2.54%), WALLACE TERRY SANCHEZ (2.54%), KIDD CASH (1.68%), HAYES DION MARQUISE (2.54%), THORNTON TERRENCE LE VARR (SPACCT) (6.24%), JOHN JAY (1.06%), MC CURTIS MARTIN RAFEAL (SP ACCT) (10.84%), SORRELL CASADA AARON (SP ACCT) (2.54%), HOLLIS CHAUNCEY ALEXANDER (2 - SP ACCT) (7.08%), JOHNSON JUSTIN MILES (MR) (0.50%), WEIR DWANE M II (MR) (5.42%), MARTINEZ RYAN ALEX (MR) (2.70%), KNIGHT ARKEISHA (0.84%), PEARSON DEANDRE (1.68%), SMITH MARC ANTHONY (1.68%)","EMI APRIL MUSIC INC (9.38%), EMI BLACKWOOD MUSIC INC (3.12%), SONGS OF UNIVERSAL INC (8.42%), WC MUSIC CORP (2.54%), UNIVERSAL MUSIC CORPORATION (1.98%), UNKNOWN PUBLISHER (28.28%), WARNER-TAMERLANE PUBLISHING CORP (17.54%), CHASE CHAD MUSIC (3.12%), WATERS OF NAZARETH PUBLISHING (0.00%), SHROOM SHADY MUSIC (0.00%), TERRARDOME MUSIC (3.12%), GEMARC (3.12%), U CAN T TEACH BEIN THE SHHH INC (1.76%), BMG GOLD SONGS (1.28%), ARTEGIA MUSIC (1.28%), WANE COUNTY (2.70%), BOLD AND COLD PUBLISHING LLC (1.28%), MY LAST PUBLISHING (1.56%), EMPIRE STRIKES FIRST (1.68%), WARNER GEO MET RIC MUSIC (3.12%), JUSTIN MILES PUBLISHING (0.50%), IT TAKES ONE PUBLISHING LLC (0.42%), IPM SONGS (2.54%), MS KNIGHT PUBLISHING (0.84%), SANTA COOKIES PRODUCTIONS (0.42%)",Register with MLC using publisher admin or direct registration
MEDIUM,RED LIGHT,58125380,,Pending Society Review,"UNKNOWN WRITER (50.00%), GARTNER JEREMY JACOB (25.00%), AULT JAHSIAH (MR) (25.00%), SORRELL CASADA AARON (SP ACCT) (25.00%)","IPM SONGS (25.00%), CHEFBOY STARSKI MUSIC (25.00%), CHEFBOY YARDI PUBLISHING (25.00%)",Register with MLC using publisher admin or direct registration
MEDIUM,OPTIONS,62309270,,Pending Society Review,"BRAMMER THOMAS PETER (MR) (SPACCT) (32.50%), MUHAMMAD AYATULLAH RU (2.00%), ROWLAND BROOK OBA (10.00%), EDWARDS ANTOINE (6.00%), SULLIVAN GREGORY RYAN (37.00%), MADRID JUAN (10.00%), SORRELL CASADA AARON (SP ACCT) (17.00%), LEE CHRISTOPHER J (MR) (3.50%), DAVIS NENZINGHA YAANSANTEWA (65.00%)",IPM SONGS (17.00%),Register with MLC using publisher admin or direct registration
MEDIUM,TEST YA NUTS,62611712,T3191943478,Share and/or Participant Conflict,"PERRY ZACHARY EVAN (25.00%), TEEL DAVID OBATA (25.00%), THOMAS LARUSSELL DWAYNE JR (25.00%), SORRELL CASADA AARON (SP ACCT) (25.00%)","UNKNOWN PUBLISHER (50.00%), KOBALT MUSIC PUBLISHING AMERICA INC (25.00%), KOBALT MUSIC PUBLISHING LTD CANADA (0.00%), IPM SONGS (25.00%), GOODCOMPENNYWORLDWIDE (0.00%)",Register with MLC using publisher admin or direct registration
MEDIUM,RUN IT UP,64127510,T3224308736,Pending Society Review,"JUAREZ JULIAN (MR) (SP ACCT) (50.00%), SADABABY (50.00%), WALKER DAMARIA KAYSHAWN (50.00%), PEREZ JUNIOR JAIME MR (50.00%)",MANUSCRIPT (0.00%),Register with MLC using publisher admin or direct registration
MEDIUM,ON ME,66135489,T3274798704,Pending Society Review,"CLARK DEVON (50.00%), SORRELL CASADA AARON (50.00%), THOMAS KYREACE MICHAEL MR (50.00%)",FRONTLINE PRODUCTIONS DETROIT (50.00%),Register with MLC using publisher admin or direct registration
MEDIUM,WE LOCKED IN,67240409,T3381768094,Pending Society Review,"RICHERSON DURRELL (25.00%), SORRELL CASADA AARON (12.50%), WASHINGTON DENZEL THOMAS (25.00%), PETRULAKIS ANDREW CONSTANTINEMR (50.00%)","SONGTRUST BLVD (50.00%), EMPIRE STRIKES FIRST (25.00%), TF ENTERTAINMENT (12.50%)",Register with MLC using publisher admin or direct registration
MEDIUM,GRIZZLEY GANG,67371522,T3266211698,Pending Society Review,"WALLACE TERRY SANCHEZ (25.00%), MATHIS ANTHONY O NEAL (MR) (50.00%), SORRELL CASADA AARON (25.00%)","SONGS OF UNIVERSAL INC (37.50%), UNKNOWN PUBLISHER (50.00%), SONGS OF ROC NATION MUSIC (12.50%)",Register with MLC using publisher admin or direct registration
MEDIUM,BACK END,67832024,,Pending Society Review,"JONES DUX (100.00%), SORRELL CASADA AARON (100.00%)",MANUSCRIPT (0.00%),Register with MLC using publisher admin or direct registration
MEDIUM,ACTIN BAD,68595692,T3267786238,Pending Society Review,"CLARK DAVAUGHN DMAR MR (50.00%), SORRELL CASADA AARON (50.00%)","TF ENTERTAINMENT (50.00%), CASADA AARON SORRELL PUB DESIG (50.00%)",Register with MLC using publisher admin or direct registration
MEDIUM,ON THA FLO,69402026,,Pending Society Review,"WILLIAMS IAN (5.00%), MCGEE JOHN STEVEN (17.50%), COOK QUINTON LAMAR (17.50%), UNKNOWN COMPOSER (10.00%), KNIGHT ARKEISHA (20.00%), SORRELL CASADA AARON (15.00%), CARLEY RICKIE (10.00%), VINSON MITCHELL SHERROD (5.00%)","KOBALT MUSIC PUBLISHING LTD CANADA (0.00%), UNKNOWN PUBLISHER (82.50%), SONGS OF KOBALT MUSIC PUBLISHING (17.50%), SK MUSIC LLC (0.00%)",Register with MLC using publisher admin or direct registration
MEDIUM,NEWPORT 500S,74979634,T3371819028,Pending Society Review,"SALINAS MATTHEW ROBERT (50.00%), SORRELL CASADA AARON (100.00%)",TRAXXFDR PUBLISHING WORLDWIDE (50.00%),Register with MLC using publisher admin or direct registration
